vrtx,2766
hska,2766
wyy,2766
iba,2766
elon,2766
susa,2766
xntk,2766
cort,2766
idsy,2766
cet,2766
nxc,2766
stly,2766
evy,2766
nbw,2766
mgic,2766
fcnca,2766
bfy,2766
bse,2766
cee,2766
vmm,2766
mbwm,2766
pyn,2766
ome,2766
cpss,2766
mdco,2766
mpv,2766
atrc,2766
imh,2766
bmrn,2766
lfc,2766
nuo,2766
cacc,2766
cgg,2766
eea,2766
kst,2766
stn,2766
town,2766
cool,2766
wac,2766
jmm,2766
cthr,2766
asys,2766
nktr,2766
artna,2766
lxu,2766
xrm,2766
nmi,2766
pfsw,2766
bxc,2766
auto,2766
cswc,2766
cidm,2766
clct,2767
achv,2767
kf,2767
dxcm,2767
crme,2767
if,2767
sim,2767
astc,2767
pky,2767
kirk,2767
ivac,2767
gch,2767
nymx,2767
dvax,2767
phx,2767
osbc,2767
arna,2767
sgen,2767
iti,2767
alx,2767
ptie,2767
pnf,2767
useg,2767
sbi,2767
anat,2767
fisi,2767
srpt,2767
cgen,2767
ptr,2767
num,2767
wbs,2767
jobs,2767
giii,2767
ions,2767
cvgw,2767
lrad,2767
labl,2767
ypf,2767
fmn,2767
dde,2767
irl,2767
teck,2767
fpt,2767
bnj,2767
regn,2767
glu,2767
pcmi,2767
jnp,2767
cmls,2767
apf,2767
casi,2767
ptn,2767
spil,2767
abmd,2767
ford,2767
csv,2767
ctg,2767
osur,2767
fonr,2767
asx,2767
nmy,2767
acad,2767
mnr,2767
gec,2767
caas,2767
jbss,2767
ttf,2767
tsem,2767
pgnx,2767
vvus,2767
obe,2767
otiv,2767
s,2767
ceo,2767
mnkd,2767
sp,2767
ldf,2767
exas,2767
kro,2767
evol,2767
weys,2767
ptnr,2767
htgc,2767
avid,2767
wtba,2767
gfy,2767
egi,2767
shi,2767
alg,2767
gol,2768
ecf,2768
nnn,2768
brkl,2768
cbsh,2768
rick,2768
td,2768
finl,2768
nbtb,2768
iosp,2768
ccl,2768
bdsi,2768
rqi,2768
rdwr,2768
pnk,2768
bap,2768
dci,2768
wlk,2768
zumz,2768
nbix,2768
avt,2768
coke,2768
esio,2768
mt,2768
utsi,2768
rli,2768
asml,2768
hrc,2768
bobe,2768
gsbc,2768
cvs,2768
brk-b,2768
clgx,2768
ht,2768
irbt,2768
npk,2768
drh,2768
celg,2768
nxr,2768
snn,2768
bgt,2768
mui,2768
kwr,2768
kof,2768
oxm,2768
rl,2768
o,2768
bokf,2768
tsu,2768
esv,2768
sgy,2768
pega,2768
crr,2768
bbsi,2768
mhf,2768
rtix,2768
cw,2768
vrx,2768
teo,2768
dre,2768
mtu,2768
aaon,2768
smsi,2768
icad,2768
gss,2768
sigm,2768
mksi,2768
mgf,2768
mcy,2768
hp,2768
mcri,2768
sivb,2768
zeus,2768
b,2768
oi,2768
cli,2768
cyd,2768
dnb,2768
morn,2768
urbn,2768
blx,2768
ens,2768
snbr,2768
amkr,2768
ocfc,2768
emf,2768
extr,2768
fti,2768
cto,2768
nuv,2768
bg,2768
pmo,2768
omex,2768
evt,2768
itri,2768
lmnx,2768
bkn,2768
frme,2768
usa,2768
cfr,2768
rcii,2768
grow,2768
miy,2768
hyt,2768
msf,2768
gcv,2768
cbd,2768
cern,2768
efii,2768
acxm,2768
wtw,2768
wdr,2768
anf,2768
boom,2768
rgld,2768
cdns,2768
arcb,2768
re,2768
pbr,2768
dnp,2768
ffbc,2768
man,2768
joe,2768
mli,2768
cbrl,2768
geo,2768
vsh,2768
gpn,2768
immu,2768
gbci,2768
tga,2768
cna,2768
fun,2768
wiw,2768
kep,2768
bwa,2768
trv,2768
mscc,2768
dht,2768
ctl,2768
cvco,2768
pol,2768
tgi,2768
etp,2768
cef,2768
cbg,2768
mfm,2768
evlv,2768
maa,2768
pir,2768
lee,2768
tbi,2768
bgr,2768
fis,2768
twi,2768
amsf,2768
sify,2768
med,2768
tlrd,2768
imgn,2768
lorl,2768
rmbs,2768
vgz,2768
dy,2768
ego,2768
crf,2768
wll,2768
gpk,2768
luk,2768
mhd,2768
ccu,2768
mic,2768
tnh,2768
pdli,2768
iart,2768
oksb,2768
oge,2768
ha,2768
are,2768
hei,2768
nwe,2768
vcel,2768
gpor,2768
ty,2768
cnc,2768
tho,2768
np,2768
hth,2768
icui,2768
idt,2768
brk-a,2768
ul,2768
rga,2768
hvt,2768
tm,2768
plt,2768
wre,2768
plab,2768
ztr,2768
meet,2768
irs,2768
rsg,2768
nhi,2768
ida,2768
core,2768
fls,2768
ttwo,2768
ktos,2768
cgo,2768
uaa,2768
sf,2768
pht,2768
phiik,2768
stl,2768
evv,2768
col,2768
nl,2768
tyg,2768
ice,2768
fnf,2768
msd,2768
orbk,2768
atro,2768
fr,2768
udr,2768
vvi,2768
jakk,2768
pfd,2768
aste,2768
ncz,2768
wrb,2768
csgs,2768
aezs,2768
inap,2768
holx,2768
ges,2768
kmt,2768
rog,2768
chke,2768
plxs,2768
sigi,2768
sxi,2768
snmx,2768
usm,2768
var,2768
cwst,2768
gnw,2768
flc,2768
bch,2768
csl,2768
tgc,2768
jro,2768
cma,2768
jof,2768
egf,2768
fmo,2768
scg,2768
lby,2768
do,2768
wcg,2768
alex,2768
mvf,2768
svra,2768
mux,2768
caty,2768
blkb,2768
pbct,2768
aav,2768
hmsy,2768
aan,2768
hbhc,2768
glv,2768
mrtn,2768
ggb,2768
uvsp,2768
nvo,2768
mfc,2768
oran,2768
hurn,2768
usat,2768
hl,2768
byd,2768
hpt,2768
mchx,2768
opy,2768
mzf,2768
drrx,2768
abb,2768
bwld,2768
slg,2768
son,2768
trmb,2768
avk,2768
ce,2768
thff,2768
wcc,2768
biol,2768
atr,2768
baa,2768
unf,2768
cck,2768
umbf,2768
pkg,2768
ksm,2768
trst,2768
bco,2768
fl,2768
ese,2768
cuz,2768
eca,2768
fmc,2768
vivo,2768
amwd,2768
nro,2768
sfe,2768
vlo,2768
ino,2768
ghc,2768
ufpi,2768
ggal,2768
arry,2768
kye,2768
vlt,2768
sui,2768
rpt,2768
ipcc,2768
mei,2768
vno,2768
rgc,2768
mni,2768
mvis,2768
schl,2768
tpc,2768
amt,2768
pmm,2768
fbnc,2768
chy,2768
penn,2768
bid,2768
saft,2768
snx,2768
enlk,2768
kvhi,2768
dks,2768
ivz,2768
ofg,2768
nvax,2768
gpi,2768
ppr,2768
fve,2768
ecol,2768
ame,2768
aciw,2768
jcom,2768
sasr,2768
chdn,2768
sap,2768
cnsl,2768
cr,2768
ste,2768
nuan,2768
spok,2768
nhc,2768
etw,2768
rad,2768
rvt,2768
dfbg,2768
cpf,2768
plce,2768
expe,2768
wsbc,2768
ppt,2768
tk,2768
laz,2768
jta,2768
ebf,2768
css,2768
bxp,2768
cry,2768
dhi,2768
nly,2768
vmi,2768
dgica,2768
md,2768
sfl,2768
spxx,2768
ncs,2768
pfs,2768
fms,2768
arw,2768
lnn,2768
avdl,2768
cree,2768
myl,2768
ceva,2768
fdp,2768
nfg,2768
tnp,2768
fro,2768
cnx,2768
dlr,2768
form,2768
ful,2768
it,2768
gsh,2768
trmk,2768
lndc,2768
htd,2768
bif,2768
cpk,2768
dva,2768
tup,2768
rcl,2768
crus,2768
krg,2768
flo,2768
ihg,2768
bdj,2768
aeis,2768
pxlw,2768
dpz,2768
mtl,2768
seed,2768
mpx,2768
mcs,2768
tex,2768
mfl,2768
akrx,2768
hxl,2768
cbt,2768
rcs,2768
rhp,2768
ssb,2768
eqix,2768
mlm,2768
lcii,2768
ctb,2768
bsrr,2768
ttc,2768
tsn,2768
cme,2768
cog,2768
vrnt,2768
nad,2768
nvec,2768
sbny,2768
fbc,2768
usap,2768
lor,2768
good,2768
rop,2768
ottr,2768
dhf,2768
iex,2768
cmtl,2768
kmx,2768
gifi,2768
skyw,2768
iga,2768
pfl,2768
hoft,2768
fds,2768
mod,2768
pool,2768
gte,2768
axe,2768
glad,2768
shlm,2768
lzb,2768
ayi,2768
mvc,2768
oia,2768
manh,2768
bfz,2768
cbs,2768
gib,2768
cir,2768
deo,2768
mstr,2768
spxc,2768
pnm,2768
jrs,2768
bh,2768
synt,2768
smrt,2768
es,2768
pico,2768
gbli,2768
itgr,2768
ndaq,2768
pag,2768
nflx,2768
cot,2768
tbbk,2768
rgen,2768
njr,2768
ctbi,2768
ess,2768
qdel,2768
stm,2768
etfc,2768
y,2768
nycb,2768
hsbc,2768
acco,2768
hdb,2768
linc,2768
ble,2768
nwy,2768
dxlg,2768
pnfp,2768
bmi,2768
acls,2768
siri,2768
smg,2768
ipar,2768
lyv,2768
mpwr,2768
snp,2768
rnr,2768
lkq,2768
mhi,2768
mvt,2768
jhs,2768
gab,2768
abg,2768
cbm,2768
sgmo,2768
caa,2768
exel,2768
kfy,2768
isrg,2768
vdsi,2768
dx,2768
tsco,2768
abio,2768
tv,2768
cub,2768
ry,2768
sgms,2768
buse,2768
bfk,2768
azpn,2768
dave,2768
scvl,2768
tpx,2768
dnr,2768
gsk,2768
cpsi,2768
phh,2768
cece,2768
hep,2768
banf,2768
rail,2768
dsm,2768
pim,2768
wti,2768
rrgb,2768
csq,2768
bkt,2768
db,2768
ttnp,2768
wab,2768
voxx,2768
gef,2768
pck,2768
ppc,2768
ueps,2768
belfb,2768
tot,2768
hql,2768
ths,2768
wneb,2768
bkmu,2768
skm,2768
oled,2768
pfn,2768
sina,2768
chd,2768
cvo,2768
mqy,2768
pso,2768
bdn,2768
sons,2768
psec,2768
oii,2768
yorw,2768
ael,2768
arcc,2768
hov,2768
infy,2768
kopn,2768
scl,2768
xper,2768
hson,2768
rock,2768
ntct,2768
orly,2768
ric,2768
sbgi,2768
dsu,2768
air,2768
bldr,2768
glt,2768
uti,2768
nny,2768
atrs,2768
snhy,2768
lfus,2768
gim,2768
cva,2768
wynn,2768
onb,2768
acgl,2768
bbl,2768
fcn,2768
disca,2768
eqc,2768
trk,2768
hrl,2768
mtw,2768
mtem,2768
el,2768
wpz,2768
rbcaa,2768
rmt,2768
bti,2768
avd,2768
pwr,2768
nak,2768
gaia,2768
pch,2768
safm,2768
bhk,2768
bke,2768
exp,2768
gwr,2768
tol,2768
arlz,2768
stkl,2768
lad,2768
wts,2768
enx,2768
omn,2768
wdc,2768
fbr,2768
axti,2768
vod,2768
nfx,2768
cac,2768
pmx,2768
nsu,2768
nzf,2768
muh,2768
shen,2768
bel,2768
cns,2768
hrs,2768
cvgi,2768
cresy,2768
jec,2768
cri,2768
ajg,2768
din,2768
swir,2768
bpop,2768
hbio,2768
swz,2768
mua,2768
mgu,2768
scs,2768
sa,2768
emkr,2768
imo,2768
cato,2768
egn,2768
tkr,2768
ttek,2768
cohu,2768
stc,2768
tac,2768
sam,2768
hos,2768
thg,2768
crm,2768
afb,2768
forr,2768
pai,2768
nwbi,2768
sho,2768
fen,2768
enb,2768
kerx,2768
bkd,2768
baby,2768
nc,2768
peo,2768
prgo,2768
vtr,2768
eos,2768
mant,2768
fc,2768
tenx,2768
kool,2768
pxd,2768
strl,2768
prsc,2768
nmr,2768
jps,2768
ois,2768
eep,2768
sprt,2768
pebo,2768
cent,2768
azn,2768
seic,2768
nano,2768
ghl,2768
tpr,2768
bak,2768
pphm,2768
mfin,2768
akp,2768
rex,2768
cmp,2768
nxp,2768
swks,2768
bks,2768
tg,2768
qgen,2768
star,2768
cbz,2768
ntes,2768
bxmx,2768
ufi,2768
tcbi,2768
qsii,2768
powi,2768
chfc,2768
on,2768
dmlp,2768
mcr,2768
uctt,2768
alco,2768
stfc,2768
viv,2768
txrh,2768
matw,2768
drq,2768
nac,2768
pcln,2768
jbht,2768
csbk,2768
iboc,2768
cldx,2768
bkh,2768
avx,2768
diod,2768
meoh,2768
uhs,2768
mmlp,2768
hcsg,2768
emd,2768
lcut,2768
mth,2768
nwn,2768
dhy,2768
bas,2768
ssd,2768
fwrd,2768
gf,2768
tef,2768
lpsn,2768
knd,2768
casy,2768
rdy,2768
rwt,2768
ghm,2768
sva,2768
mtrx,2768
cobz,2768
evf,2768
mue,2768
sph,2768
uthr,2768
ueic,2768
ccj,2768
mkl,2768
lcm,2768
epay,2768
clf,2768
gbl,2768
aeg,2768
srce,2768
pdfs,2768
amswa,2768
lxp,2768
nbh,2768
ddc,2768
arlp,2768
iqi,2768
bebe,2768
chs,2768
cray,2768
heb,2768
gern,2768
umpq,2768
kim,2768
hcn,2768
fcf,2768
neu,2768
fsp,2768
ix,2768
fra,2768
ngs,2768
vale,2768
nvg,2768
ntp,2768
moh,2768
crl,2768
chh,2768
dwsn,2768
rmd,2768
twin,2768
nvln,2768
trc,2768
swx,2768
myd,2768
cvg,2768
brfs,2768
tkc,2768
bbva,2768
ain,2768
lpl,2768
pei,2768
erf,2768
bro,2768
cbu,2768
rs,2768
tti,2768
fcel,2768
jpc,2768
alb,2768
ldl,2768
idxx,2768
anik,2768
etm,2768
duc,2768
nwpx,2768
uqm,2768
men,2768
mos,2768
res,2768
tco,2768
bldp,2768
sonc,2768
gass,2768
tcbk,2768
smtc,2768
anh,2768
bdc,2768
audc,2768
bt,2768
ixys,2768
cae,2768
gden,2768
osis,2768
www,2768
fgp,2768
turn,2768
awr,2768
wpc,2768
lscc,2768
anss,2768
vvr,2768
gut,2768
zbra,2768
abr,2768
hurc,2768
rjf,2768
fbp,2768
colm,2768
wtr,2768
mosy,2768
wg,2768
matx,2768
gff,2768
bzh,2768
ddr,2768
ai,2768
mpw,2768
mgi,2768
cpl,2768
fred,2768
gncma,2768
plm,2768
ttmi,2768
san,2768
lnce,2768
bns,2768
cytr,2768
amg,2768
mfa,2768
idcc,2768
hele,2768
cwco,2768
smp,2768
evg,2768
cbk,2768
oke,2768
erie,2768
usg,2768
cytk,2768
ftek,2768
glp,2768
lub,2768
bcv,2768
quik,2768
wern,2768
msp,2768
stmp,2768
glng,2768
ktf,2768
htlf,2768
wr,2768
cmd,2768
pzc,2768
ulti,2768
pkd,2768
pho,2768
ifn,2768
bcpc,2768
mfv,2768
camp,2768
elp,2768
ten,2768
l,2768
depo,2768
ts,2768
blk,2768
lanc,2768
sjw,2768
hgt,2768
paas,2768
lstr,2768
myn,2768
ncv,2768
alny,2768
vgr,2768
nvr,2768
auy,2768
mho,2768
cdr,2768
pkoh,2768
dox,2768
del,2768
ilmn,2768
efr,2768
cms,2768
boe,2768
iim,2768
csu,2768
hio,2768
cmu,2768
akr,2768
cco,2768
mov,2768
sqm,2768
mbfi,2768
ntgr,2768
foxa,2768
ohai,2768
vkq,2768
azz,2768
mdrx,2768
eqt,2768
hog,2768
trn,2768
bbd,2768
cp,2768
tnc,2768
calm,2768
mci,2768
elgx,2768
sjt,2768
slab,2768
esl,2768
rnst,2768
bfs,2768
nls,2768
schn,2768
bsac,2768
mlr,2768
awf,2768
psmt,2768
vtn,2768
imkta,2768
fult,2768
endp,2768
pzza,2768
kamn,2768
sybt,2768
fund,2768
nqp,2768
ms,2768
cmc,2768
min,2768
skt,2768
zf,2768
syt,2768
coo,2768
gpx,2768
mnta,2768
cig,2768
merc,2768
aht,2768
hmn,2768
aoi,2768
egle,2768
dxpe,2768
rgs,2768
stba,2768
axs,2768
mcn,2768
lnt,2768
iif,2768
bpt,2768
eght,2768
uri,2768
mtz,2768
mav,2768
ltm,2768
wnc,2768
sto,2768
len,2768
shpg,2768
hibb,2768
hsii,2768
fstr,2768
fox,2768
fmx,2768
brs,2768
mcbc,2768
rsys,2768
atvi,2768
knl,2768
nvs,2768
myj,2768
mgpi,2768
gty,2768
itg,2768
bym,2768
snak,2768
thrm,2768
icon,2768
sjm,2768
psb,2768
paa,2768
ryn,2768
nci,2768
ctrp,2768
lpnt,2768
dmf,2768
tu,2768
lm,2768
prgs,2768
rpm,2768
rev,2768
flws,2768
lsi,2768
hr,2768
atu,2768
df,2768
lbtyk,2768
mrcy,2768
swn,2768
vki,2768
ait,2768
gain,2768
ntri,2768
lpt,2768
cytx,2768
immr,2768
jeq,2768
etv,2768
nuva,2768
ntwk,2768
cntf,2768
csx,2768
usna,2768
ravn,2768
ffiv,2768
cpb,2768
alv,2768
egov,2768
tisi,2768
gpm,2768
ldr,2768
amx,2768
ftf,2768
cnmd,2768
bte,2768
hmc,2768
ghdx,2768
spar,2768
cbb,2768
cpa,2768
glq,2768
krny,2768
rba,2768
cutr,2768
lbai,2768
stx,2768
gigm,2768
ulh,2768
stld,2768
tvty,2768
fax,2768
clb,2768
hpi,2768
sxt,2768
ccrn,2768
brks,2768
sky,2768
vgm,2768
dspg,2768
alks,2768
cnq,2768
pcm,2768
cmo,2768
che,2768
bgfv,2768
lho,2768
rnp,2768
ksu,2768
tmp,2768
gtn,2768
jll,2768
tds,2768
bset,2768
tsm,2768
wafd,2768
mur,2768
dcom,2768
mbt,2768
ltbr,2768
simo,2768
evm,2768
pcf,2768
iiin,2768
cers,2768
ffic,2768
pml,2768
bgc,2768
aaxn,2768
uvv,2768
uhal,2768
mmsi,2768
bbk,2768
syke,2768
ainv,2768
cs,2768
ipas,2768
silc,2768
sbr,2768
dsw,2768
fix,2768
enr,2768
pets,2768
amag,2768
amn,2768
xec,2768
ads,2768
swm,2768
nxq,2768
iret,2768
tell,2768
avhi,2768
nrp,2768
mgm,2768
kelya,2768
acta,2768
eft,2768
umh,2768
ofix,2768
e,2768
vpv,2768
wex,2768
layn,2768
gco,2768
ori,2768
indb,2768
hubg,2768
auo,2768
boh,2768
bmo,2768
iag,2768
shoo,2768
nxtm,2768
hae,2768
gdv,2768
alk,2768
edr,2768
tlp,2768
eeft,2768
tecd,2768
nmz,2768
bpk,2768
pbh,2768
sri,2768
hls,2768
wire,2768
ssp,2768
pjc,2768
aobc,2768
wsfs,2768
egy,2768
cpt,2768
mac,2768
tri,2768
axl,2768
hyb,2768
nbo,2768
prft,2768
agii,2768
ingr,2768
cvx,2768
scco,2768
un,2768
tlk,2768
ugp,2768
atsg,2768
cxh,2768
kai,2768
mdca,2768
emms,2768
ssrm,2768
stra,2768
iep,2768
kem,2768
rigl,2768
fizz,2768
lng,2768
bme,2768
mmp,2768
ch,2768
exac,2768
lll,2768
bcor,2768
eric,2768
io,2768
afg,2768
schw,2768
aeo,2768
bxs,2768
ofc,2768
oclr,2768
slf,2768
evc,2768
hcp,2768
mdu,2768
acn,2768
dcm,2768
gme,2768
ti,2768
ead,2768
ale,2768
cts,2768
sbcf,2768
olp,2768
alog,2768
wri,2768
nov,2768
hiw,2768
gmo,2768
cf,2768
rci,2768
lvs,2768
ap,2768
uba,2768
nni,2768
mdr,2768
ffin,2768
rtk,2768
bio,2768
hix,2768
dcp,2768
mini,2768
syna,2768
mtn,2768
epm,2768
wft,2768
jqc,2768
brkr,2768
ggg,2768
eoi,2768
bsd,2768
ubsi,2768
cxe,2768
colb,2768
m,2768
myi,2768
mxwl,2768
hun,2768
avb,2768
pcq,2768
vhi,2768
ft,2768
amsc,2768
crai,2768
dco,2768
aon,2768
staa,2768
sgf,2768
pot,2768
kt,2768
krc,2768
gogl,2768
cbi,2768
via,2768
mdc,2768
ee,2768
bbg,2768
crmt,2768
fnb,2768
iivi,2768
mcf,2768
wwe,2768
wdfc,2768
pmf,2768
gxp,2768
ccmp,2768
lway,2768
puk_,2768
hqh,2768
seac,2768
cvm,2768
tdf,2768
bbw,2768
mmu,2768
tdy,2768
rlh,2768
axas,2768
casc,2768
wgo,2768
pcn,2768
ggn,2768
osk,2768
asg,2768
ckh,2768
nm,2768
snh,2768
nr,2768
npo,2768
ffc,2768
adx,2768
zixi,2768
hes,2768
irm,2768
grc,2768
ndsn,2768
qtm,2768
ci,2768
nice,2768
flir,2768
bcs,2768
wash,2768
bhlb,2768
oln,2768
wpm,2768
bpl,2768
lyts,2768
mtx,2768
lxrx,2768
pery,2768
sgu,2768
ctrn,2768
ssw,2768
jjsf,2768
pkx,2768
msb,2768
sah,2768
wmk,2768
slgn,2768
muc,2768
ango,2768
mca,2768
nus,2768
tkf,2768
ehi,2768
caci,2768
alsk,2768
aos,2768
amtd,2768
cuk,2768
arrs,2768
erc,2768
tsi,2768
phd,2768
ivc,2768
abco,2768
fele,2768
skx,2768
pes,2768
cetv,2768
gel,2768
tyl,2768
fnsr,2768
dzsi,2768
recn,2768
csgp,2768
rht,2768
nan,2768
hsc,2768
cik,2768
pfo,2768
igd,2768
blw,2768
muj,2768
jkhy,2768
asr,2768
ccbg,2768
ufcs,2768
ccc,2768
erh,2768
cde,2768
phg,2768
esnd,2768
nim,2768
teso,2768
prgx,2768
inod,2768
eslt,2768
pcti,2768
ab,2768
hlf,2768
saia,2768
ggt,2768
leo,2768
mktx,2768
wltw,2768
rbc,2768
lhcg,2768
caj,2768
agys,2768
fss,2768
bgg,2768
trp,2768
cvbf,2768
halo,2768
cris,2768
ecpg,2768
ssl,2768
bfin,2768
mqt,2768
kex,2768
vly,2768
ava,2768
scd,2768
neog,2768
rdn,2768
psa,2768
ostk,2768
arow,2768
ato,2768
entg,2768
sjr,2768
tli,2768
apu,2768
jhi,2768
pvh,2768
sny,2768
ago,2768
cno,2768
gra,2768
rtec,2768
aap,2768
mms,2768
vbf,2768
kmm,2768
abcb,2768
mhn,2768
abm,2768
prk,2768
crzo,2768
agco,2768
acc,2768
bto,2768
ufs,2768
lgi,2768
sji,2768
amed,2768
navg,2768
tfx,2768
cprt,2768
crt,2768
bfr,2768
laws,2768
vcv,2768
hckt,2768
jfr,2768
pni,2768
cci,2768
dbd,2768
erj,2768
shld,2768
ceqp,2768
mind,2768
tap,2768
lh,2768
ing,2768
arql,2768
cbl,2768
sm,2768
ftr,2768
bont,2768
gtxi,2768
su,2768
eeq,2768
ston,2768
ns,2768
htld,2768
cev,2768
pdt,2768
denn,2768
prkr,2768
ruth,2768
asa,2768
dgii,2768
fico,2768
wsm,2768
cnxn,2768
iaf,2768
shg,2768
cof,2768
cmi,2768
unt,2768
chk,2768
sppi,2768
leco,2768
chl,2768
bny,2768
pbt,2768
myf,2768
nhs,2768
veco,2768
sptn,2768
cls,2768
alxn,2768
scon,2768
otex,2768
foe,2768
lts,2768
idti,2768
fosl,2768
chn,2768
mtd,2768
ajrd,2768
rol,2768
anip,2768
tcf,2768
bhp,2768
scln,2768
tech,2768
wstl,2768
wit,2768
mgln,2768
wabc,2768
ugi,2768
apt,2768
utg,2768
msex,2768
sci,2768
amp,2768
gbx,2768
actg,2768
agu,2768
car,2768
hst,2768
gil,2768
tgp,2768
mga,2768
mnro,2768
rmti,2768
cmpr,2768
sne,2768
clsn,2768
wal,2768
deck,2768
rusha,2768
trib,2768
gst,2768
wtm,2768
wwr,2768
ibkc,2768
scsc,2768
ozrk,2768
lkfn,2768
aau,2768
insg,2768
infi,2768
big,2768
eme,2768
trex,2768
bp,2768
adc,2768
bwinb,2768
unfi,2768
wea,2768
sup,2768
pq,2768
cif,2768
frt,2768
hlit,2768
eth,2768
cald,2768
fcfs,2768
pnr,2768
wia,2768
msm,2768
srdx,2768
relx,2768
hlx,2768
cwt,2768
gatx,2768
dlb,2768
omi,2768
cgi,2768
aks,2768
mus,2768
ffg,2768
uht,2768
jblu,2768
ltc,2768
atge,2768
wgl,2768
hpf,2768
crs,2768
iac,2768
sbsi,2768
reg,2768
bidu,2768
pay,2768
ggp,2768
bwp,2768
he,2768
wst,2768
umc,2768
myc,2768
eng,2768
nrg,2768
igr,2768
cohr,2768
mlhr,2768
jack,2768
ng,2768
usph,2768
midd,2768
nfj,2768
vvc,2768
egp,2768
expo,2768
cgnx,2768
aph,2768
cpst,2768
chi,2768
nea,2768
itrn,2768
asgn,2768
ufpt,2768
phk,2768
wrld,2768
tss,2768
vicl,2768
ibn,2768
int,2768
wtfc,2768
cake,2768
brcd,2768
els,2768
epd,2768
tei,2768
bcrx,2768
ctws,2768
baf,2768
srcl,2768
sfnc,2768
pid,2768
cl,2768
nok,2768
tues,2768
pke,2768
tzoo,2768
win,2768
apog,2768
crk,2768
epr,2768
kfrc,2768
sr,2768
sbac,2768
sbs,2768
dar,2768
ras,2768
exr,2768
sig,2768
nee,2768
cxw,2768
pty,2768
syx,2768
lyg,2768
bbox,2768
gva,2768
cnp,2768
web,2768
wso,2768
cop,2768
sid,2768
clh,2768
snbc,2768
ubsh,2768
kyo,2768
cib,2768
icb,2768
cii,2768
gold,2768
nrt,2768
cmco,2768
ccoi,2768
dakt,2768
sor,2768
klic,2768
adtn,2768
nbl,2768
trq,2768
aiz,2768
ttec,2768
hhs,2768
emci,2768
msfg,2768
ssys,2768
algn,2768
bam,2768
mxf,2768
stz,2768
cenx,2768
rgr,2768
cce,2768
roll,2768
mpa,2768
crh,2768
becn,2768
refr,2768
wlb,2768
tgb,2768
cal,2768
cnty,2768
ssi,2768
vmo,2768
incy,2768
cpe,2768
vsat,2768
etb,2768
ewbc,2768
bpfh,2768
bkk,2768
iclr,2768
evn,2768
omcl,2768
geos,2768
andv,2768
abax,2768
efsc,2768
wppgy,2768
wm,2768
cia,2768
ely,2768
nsit,2768
nsl,2768
cyh,2768
ctsh,2768
crvl,2768
clm,2768
fco,2768
mgee,2768
clx,2768
farm,2768
agen,2768
hps,2768
ora,2768
mmt,2768
chco,2768
mlnk,2768
pacw,2768
mhk,2768
bgcp,2768
ocn,2768
isbc,2768
pds,2768
rt,2768
ahl,2768
renx,2768
powl,2768
ev,2768
spn,2768
bce,2768
rfi,2768
akam,2768
ddf,2768
ttm,2768
brc,2768
imax,2768
mtsc,2768
oiim,2768
hni,2768
acet,2768
crnt,2768
ande,2768
fcbc,2768
bvn,2768
conn,2768
bios,2768
ew,2768
pgp,2768
rell,2768
jdd,2768
agm,2768
hzo,2768
dst,2768
fmbi,2768
cni,2768
mygn,2768
dsx,2768
praa,2768
puk,2768
ngg,2768
gam,2768
kyn,2768
mye,2768
hain,2768
ticc,2768
lii,2768
enz,2768
bhe,2768
ftk,2768
mgrc,2768
phi,2768
eiv,2768
nati,2768
bjri,2768
nat,2768
faro,2768
cy,2768
pii,2768
pra,2768
isca,2768
tile,2768
etg,2768
eto,2768
lbtya,2768
cm,2768
itub,2768
ohi,2768
tdw,2768
vicr,2768
ezpw,2768
eat,2768
rrc,2768
bxmt,2768
nca,2768
sohu,2768
cmcsa,2769
cinf,2769
orcl,2769
hsy,2769
ir,2769
fitb,2769
gww,2769
ubnk,2769
nbr,2769
sre,2769
cffn,2769
pnc,2769
r,2769
ba,2769
vfc,2769
ibm,2769
itw,2769
slb,2769
ntap,2769
tst,2769
ne,2769
cost,2769
gs,2769
mbi,2769
aapl,2769
vz,2769
k,2769
lnc,2769
yum,2769
iff,2769
syk,2769
fdx,2769
xoma,2769
see,2769
bb,2769
swk,2769
hrb,2769
pten,2769
d,2769
unp,2769
ppg,2769
abt,2769
wwd,2769
bmy,2769
xel,2769
pfe,2769
bac,2769
xcra,2769
aaba,2769
fhn,2769
googl,2769
mkc,2769
lvlt,2769
hon,2769
mco,2769
mdp,2769
phm,2769
mar,2769
mro,2769
viav,2769
jci,2769
hum,2769
itt,2769
intu,2769
aem,2769
hpq,2769
uis,2769
ni,2769
esrx,2769
bby,2769
dvn,2769
zbh,2769
pg,2769
eog,2769
emr,2769
adp,2769
trow,2769
rdc,2769
ctxs,2769
duk,2769
utx,2769
chrw,2769
enlc,2769
hsic,2769
gfi,2769
wor,2769
symc,2769
ncr,2769
txn,2769
bax,2769
ntrs,2769
aet,2769
mcd,2769
ter,2769
all,2769
dri,2769
mxim,2769
hmy,2769
pnw,2769
aee,2769
afl,2769
abx,2769
pfg,2769
wat,2769
msi,2769
ph,2769
pcar,2769
gis,2769
dal,2769
de,2769
ipg,2769
odfl,2769
wfc,2769
ko,2769
csco,2769
aiv,2769
xl,2769
sbra,2769
txt,2769
gt,2769
rio,2769
cag,2769
met,2769
xom,2769
dis,2769
rprx,2769
kss,2769
low,2769
apc,2769
wba,2769
glw,2769
expd,2769
thc,2769
amzn,2769
spg,2769
pbi,2769
hd,2769
apri,2769
tmk,2769
lmt,2769
ups,2769
cien,2769
whr,2769
mmc,2769
adi,2769
payx,2769
bll,2769
kr,2769
syy,2769
lb,2769
mrk,2769
jcp,2769
dltr,2769
shw,2769
dwdp,2769
eqr,2769
rost,2769
avy,2769
nem,2769
hban,2769
cb,2769
adbe,2769
stt,2769
jnpr,2769
avp,2769
klac,2769
vrsn,2769
xlnx,2769
lamr,2769
etn,2769
mrvl,2769
dni,2769
has,2769
nwl,2769
c,2769
noc,2769
spgi,2769
fcx,2769
bcr,2769
ash,2769
fisv,2769
lpx,2769
tgt,2769
wy,2769
nav,2769
ryaay,2769
wen,2769
kbh,2769
mat,2769
ibcp,2769
twx,2769
seb,2769
msft,2769
jwn,2769
gd,2769
etr,2769
cht,2769
oxy,2769
mas,2769
amgn,2769
efx,2769
aig,2769
eix,2769
amat,2769
aes,2769
snps,2769
jnj,2769
hal,2769
ctas,2769
dgx,2769
epc,2769
bc,2769
flex,2769
emn,2769
xrx,2769
pgr,2769
sna,2769
gps,2769
bms,2769
rf,2769
gntx,2769
mo,2769
jhg,2769
utf,2769
dish,2769
abc,2769
omc,2769
pcg,2769
dlx,2769
agn,2769
fast,2769
x,2769
mu,2769
smfg,2769
pdco,2769
lly,2769
fe,2769
unm,2769
gpc,2769
chkp,2769
tjx,2769
bk,2769
au,2769
ip,2769
dhr,2769
novt,2769
vmc,2769
f,2769
biib,2769
wec,2769
mchp,2769
lgnd,2769
dte,2769
fii,2769
key,2769
rrd,2769
px,2769
bbt,2769
kbal,2769
slm,2769
rig,2769
ceco,2769
ati,2769
antm,2769
exc,2769
asna,2769
sti,2769
ebay,2769
sbux,2769
ecl,2769
nke,2769
axp,2769
mdt,2769
nsc,2769
intl,2769
t,2769
cat,2769
apa,2769
leu,2769
svu,2769
tgna,2769
cah,2769
msa,2769
pki,2769
mck,2769
grmn,2769
usb,2769
jbl,2769
wmb,2769
rhi,2769
unh,2769
apd,2769
mon,2769
pld,2769
amd,2769
jpm,2769
odp,2769
dov,2769
a,2769
adm,2769
wmt,2769
xray,2769
mtg,2769
azo,2769
adsk,2769
bsx,2769
flr,2769
zion,2769
ppl,2769
gg,2769
mtb,2769
bbby,2769
tmo,2769
arc,2769
nvda,2769
mitk,2769
lrcx,2769
aa,2769
ed,2769
nyt,2769
ca,2769
dds,2769
ge,2769
peg,2769
nue,2769
tif,2769
pep,2769
snv,2769
an,2769
kmb,2769
rtn,2769
luv,2769
pru,2769
kgc,2769
qcom,2769
teva,2769
ben,2769
hig,2769
bdx,2769
rok,2769
aep,2769
intc,2769
mmm,2769
so,2769
leg,2769
gild,2769